<annotation>
	<folder>Zoom4</folder>
	<filename>picture218.jpg</filename>
	<path>D:\kerjaan-yusril\Zoom4\picture218.jpg</path>
	<source>
		<database>Unknown</database>
	</source>
	<size>
		<width>1366</width>
		<height>768</height>
		<depth>3</depth>
	</size>
	<segmented>0</segmented>
	<object>
		<name>M Zein Ihza Fahrozi</name>
		<pose>Unspecified</pose>
		<truncated>0</truncated>
		<difficult>0</difficult>
		<bndbox>
			<xmin>146</xmin>
			<ymin>172</ymin>
			<xmax>319</xmax>
			<ymax>372</ymax>
		</bndbox>
	</object>
	<object>
		<name>M Yusril Hasanuddin</name>
		<pose>Unspecified</pose>
		<truncated>0</truncated>
		<difficult>0</difficult>
		<bndbox>
			<xmin>598</xmin>
			<ymin>181</ymin>
			<xmax>757</xmax>
			<ymax>373</ymax>
		</bndbox>
	</object>
	<object>
		<name>Salsabila Khairunissa</name>
		<pose>Unspecified</pose>
		<truncated>0</truncated>
		<difficult>0</difficult>
		<bndbox>
			<xmin>1002</xmin>
			<ymin>187</ymin>
			<xmax>1090</xmax>
			<ymax>299</ymax>
		</bndbox>
	</object>
	<object>
		<name>Salsha Farahdiba</name>
		<pose>Unspecified</pose>
		<truncated>0</truncated>
		<difficult>0</difficult>
		<bndbox>
			<xmin>131</xmin>
			<ymin>413</ymin>
			<xmax>268</xmax>
			<ymax>576</ymax>
		</bndbox>
	</object>
	<object>
		<name>Fachry Fathurahman</name>
		<pose>Unspecified</pose>
		<truncated>0</truncated>
		<difficult>0</difficult>
		<bndbox>
			<xmin>698</xmin>
			<ymin>472</ymin>
			<xmax>880</xmax>
			<ymax>641</ymax>
		</bndbox>
	</object>
	<object>
		<name>Antoni Kurniawan</name>
		<pose>Unspecified</pose>
		<truncated>0</truncated>
		<difficult>0</difficult>
		<bndbox>
			<xmin>1056</xmin>
			<ymin>448</ymin>
			<xmax>1179</xmax>
			<ymax>566</ymax>
		</bndbox>
	</object>
</annotation>
