<annotation>
	<folder>Zoom4</folder>
	<filename>picture331.jpg</filename>
	<path>D:\kerjaan-yusril\Zoom4\picture331.jpg</path>
	<source>
		<database>Unknown</database>
	</source>
	<size>
		<width>1366</width>
		<height>768</height>
		<depth>3</depth>
	</size>
	<segmented>0</segmented>
	<object>
		<name>M Zein Ihza Fahrozi</name>
		<pose>Unspecified</pose>
		<truncated>0</truncated>
		<difficult>0</difficult>
		<bndbox>
			<xmin>1181</xmin>
			<ymin>277</ymin>
			<xmax>1293</xmax>
			<ymax>383</ymax>
		</bndbox>
	</object>
	<object>
		<name>M Yusril Hasanuddin</name>
		<pose>Unspecified</pose>
		<truncated>0</truncated>
		<difficult>0</difficult>
		<bndbox>
			<xmin>1180</xmin>
			<ymin>159</ymin>
			<xmax>1273</xmax>
			<ymax>262</ymax>
		</bndbox>
	</object>
	<object>
		<name>Salsabila Khairunissa</name>
		<pose>Unspecified</pose>
		<truncated>0</truncated>
		<difficult>0</difficult>
		<bndbox>
			<xmin>1160</xmin>
			<ymin>417</ymin>
			<xmax>1220</xmax>
			<ymax>479</ymax>
		</bndbox>
	</object>
	<object>
		<name>Salsha Farahdiba</name>
		<pose>Unspecified</pose>
		<truncated>0</truncated>
		<difficult>0</difficult>
		<bndbox>
			<xmin>1173</xmin>
			<ymin>532</ymin>
			<xmax>1259</xmax>
			<ymax>605</ymax>
		</bndbox>
	</object>
</annotation>
