<annotation>
	<folder>Zoom4</folder>
	<filename>picture255.jpg</filename>
	<path>D:\kerjaan-yusril\Zoom4\picture255.jpg</path>
	<source>
		<database>Unknown</database>
	</source>
	<size>
		<width>1366</width>
		<height>768</height>
		<depth>3</depth>
	</size>
	<segmented>0</segmented>
	<object>
		<name>M Zein Ihza Fahrozi</name>
		<pose>Unspecified</pose>
		<truncated>0</truncated>
		<difficult>0</difficult>
		<bndbox>
			<xmin>185</xmin>
			<ymin>184</ymin>
			<xmax>378</xmax>
			<ymax>369</ymax>
		</bndbox>
	</object>
	<object>
		<name>M Yusril Hasanuddin</name>
		<pose>Unspecified</pose>
		<truncated>0</truncated>
		<difficult>0</difficult>
		<bndbox>
			<xmin>647</xmin>
			<ymin>175</ymin>
			<xmax>809</xmax>
			<ymax>351</ymax>
		</bndbox>
	</object>
	<object>
		<name>Salsabila Khairunissa</name>
		<pose>Unspecified</pose>
		<truncated>0</truncated>
		<difficult>0</difficult>
		<bndbox>
			<xmin>992</xmin>
			<ymin>190</ymin>
			<xmax>1102</xmax>
			<ymax>308</ymax>
		</bndbox>
	</object>
	<object>
		<name>Salsha Farahdiba</name>
		<pose>Unspecified</pose>
		<truncated>0</truncated>
		<difficult>0</difficult>
		<bndbox>
			<xmin>126</xmin>
			<ymin>390</ymin>
			<xmax>281</xmax>
			<ymax>561</ymax>
		</bndbox>
	</object>
	<object>
		<name>Fachry Fathurahman</name>
		<pose>Unspecified</pose>
		<truncated>0</truncated>
		<difficult>0</difficult>
		<bndbox>
			<xmin>660</xmin>
			<ymin>472</ymin>
			<xmax>810</xmax>
			<ymax>637</ymax>
		</bndbox>
	</object>
	<object>
		<name>Antoni Kurniawan</name>
		<pose>Unspecified</pose>
		<truncated>0</truncated>
		<difficult>0</difficult>
		<bndbox>
			<xmin>1054</xmin>
			<ymin>451</ymin>
			<xmax>1183</xmax>
			<ymax>578</ymax>
		</bndbox>
	</object>
</annotation>
