<annotation>
	<folder>Dataset</folder>
	<filename>picture69.jpg</filename>
	<path>C:\Users\Public\Documents\Dataset\picture69.jpg</path>
	<source>
		<database>Unknown</database>
	</source>
	<size>
		<width>1366</width>
		<height>768</height>
		<depth>3</depth>
	</size>
	<segmented>0</segmented>
	<object>
		<name>M Zein Ihza Fahrozi</name>
		<pose>Unspecified</pose>
		<truncated>0</truncated>
		<difficult>0</difficult>
		<bndbox>
			<xmin>120</xmin>
			<ymin>174</ymin>
			<xmax>349</xmax>
			<ymax>379</ymax>
		</bndbox>
	</object>
	<object>
		<name>M Yusril Hasanuddin</name>
		<pose>Unspecified</pose>
		<truncated>0</truncated>
		<difficult>0</difficult>
		<bndbox>
			<xmin>609</xmin>
			<ymin>191</ymin>
			<xmax>793</xmax>
			<ymax>382</ymax>
		</bndbox>
	</object>
	<object>
		<name>Salsabila Khairunissa</name>
		<pose>Unspecified</pose>
		<truncated>0</truncated>
		<difficult>0</difficult>
		<bndbox>
			<xmin>1033</xmin>
			<ymin>181</ymin>
			<xmax>1132</xmax>
			<ymax>307</ymax>
		</bndbox>
	</object>
	<object>
		<name>Antoni Kurniawan</name>
		<pose>Unspecified</pose>
		<truncated>0</truncated>
		<difficult>0</difficult>
		<bndbox>
			<xmin>1128</xmin>
			<ymin>455</ymin>
			<xmax>1245</xmax>
			<ymax>562</ymax>
		</bndbox>
	</object>
	<object>
		<name>Salsha Farahdiba</name>
		<pose>Unspecified</pose>
		<truncated>0</truncated>
		<difficult>0</difficult>
		<bndbox>
			<xmin>128</xmin>
			<ymin>410</ymin>
			<xmax>266</xmax>
			<ymax>574</ymax>
		</bndbox>
	</object>
	<object>
		<name>Fachry Fathurahman</name>
		<pose>Unspecified</pose>
		<truncated>0</truncated>
		<difficult>0</difficult>
		<bndbox>
			<xmin>665</xmin>
			<ymin>474</ymin>
			<xmax>803</xmax>
			<ymax>638</ymax>
		</bndbox>
	</object>
</annotation>
