<annotation>
	<folder>Dataset</folder>
	<filename>picture154.jpg</filename>
	<path>C:\Users\Public\Documents\Downloads\Dataset\picture154.jpg</path>
	<source>
		<database>Unknown</database>
	</source>
	<size>
		<width>1366</width>
		<height>768</height>
		<depth>3</depth>
	</size>
	<segmented>0</segmented>
	<object>
		<name>Fachry Fathurahman</name>
		<pose>Unspecified</pose>
		<truncated>0</truncated>
		<difficult>0</difficult>
		<bndbox>
			<xmin>676</xmin>
			<ymin>465</ymin>
			<xmax>835</xmax>
			<ymax>632</ymax>
		</bndbox>
	</object>
	<object>
		<name>Salsha Farahdiba</name>
		<pose>Unspecified</pose>
		<truncated>0</truncated>
		<difficult>0</difficult>
		<bndbox>
			<xmin>121</xmin>
			<ymin>429</ymin>
			<xmax>248</xmax>
			<ymax>562</ymax>
		</bndbox>
	</object>
	<object>
		<name>M Zein Ihza Fahrozi</name>
		<pose>Unspecified</pose>
		<truncated>0</truncated>
		<difficult>0</difficult>
		<bndbox>
			<xmin>164</xmin>
			<ymin>167</ymin>
			<xmax>352</xmax>
			<ymax>385</ymax>
		</bndbox>
	</object>
	<object>
		<name>Salsabila Khairunissa</name>
		<pose>Unspecified</pose>
		<truncated>0</truncated>
		<difficult>0</difficult>
		<bndbox>
			<xmin>1003</xmin>
			<ymin>183</ymin>
			<xmax>1106</xmax>
			<ymax>290</ymax>
		</bndbox>
	</object>
	<object>
		<name>M Yusril Hasanuddin</name>
		<pose>Unspecified</pose>
		<truncated>0</truncated>
		<difficult>0</difficult>
		<bndbox>
			<xmin>615</xmin>
			<ymin>206</ymin>
			<xmax>765</xmax>
			<ymax>381</ymax>
		</bndbox>
	</object>
	<object>
		<name>Antoni Kurniawan</name>
		<pose>Unspecified</pose>
		<truncated>0</truncated>
		<difficult>0</difficult>
		<bndbox>
			<xmin>1058</xmin>
			<ymin>449</ymin>
			<xmax>1176</xmax>
			<ymax>568</ymax>
		</bndbox>
	</object>
</annotation>
