<annotation>
	<folder>Dataset</folder>
	<filename>picture62.jpg</filename>
	<path>C:\Users\Public\Documents\Dataset\picture62.jpg</path>
	<source>
		<database>Unknown</database>
	</source>
	<size>
		<width>1366</width>
		<height>768</height>
		<depth>3</depth>
	</size>
	<segmented>0</segmented>
	<object>
		<name>M Zein Ihza Fahrozi</name>
		<pose>Unspecified</pose>
		<truncated>0</truncated>
		<difficult>0</difficult>
		<bndbox>
			<xmin>84</xmin>
			<ymin>166</ymin>
			<xmax>331</xmax>
			<ymax>385</ymax>
		</bndbox>
	</object>
	<object>
		<name>Salsha Farahdiba</name>
		<pose>Unspecified</pose>
		<truncated>0</truncated>
		<difficult>0</difficult>
		<bndbox>
			<xmin>116</xmin>
			<ymin>414</ymin>
			<xmax>273</xmax>
			<ymax>579</ymax>
		</bndbox>
	</object>
	<object>
		<name>M Yusril Hasanuddin</name>
		<pose>Unspecified</pose>
		<truncated>0</truncated>
		<difficult>0</difficult>
		<bndbox>
			<xmin>605</xmin>
			<ymin>201</ymin>
			<xmax>782</xmax>
			<ymax>383</ymax>
		</bndbox>
	</object>
	<object>
		<name>Fachry Fathurahman</name>
		<pose>Unspecified</pose>
		<truncated>0</truncated>
		<difficult>0</difficult>
		<bndbox>
			<xmin>657</xmin>
			<ymin>482</ymin>
			<xmax>817</xmax>
			<ymax>635</ymax>
		</bndbox>
	</object>
	<object>
		<name>Salsabila Khairunissa</name>
		<pose>Unspecified</pose>
		<truncated>0</truncated>
		<difficult>0</difficult>
		<bndbox>
			<xmin>1020</xmin>
			<ymin>185</ymin>
			<xmax>1127</xmax>
			<ymax>300</ymax>
		</bndbox>
	</object>
	<object>
		<name>Antoni Kurniawan</name>
		<pose>Unspecified</pose>
		<truncated>0</truncated>
		<difficult>0</difficult>
		<bndbox>
			<xmin>1084</xmin>
			<ymin>464</ymin>
			<xmax>1209</xmax>
			<ymax>577</ymax>
		</bndbox>
	</object>
</annotation>
